,0
0,达多多_商品总体销量历史_ 【3.9元到手20包】干酵母家用馒头发面烘焙高活性发酵耐高糖5克_袋
1,达多多_商品总体销量历史_ 【39.9一大箱130小包】辣卤零食礼盒盐津铺子18种大礼包休闲解馋
2,达多多_商品总体销量历史_0添加蔗糖冰皮绿豆饼新鲜发货配送网红早餐精选传统老式美味糕点
3,达多多_商品总体销量历史_400g三蒸带皮红薯干真空独立装带皮香薯干地瓜干番薯干代餐零食
4,达多多_商品总体销量历史_5月份【9.88发20瓶】严选A+益生元优质进口早餐风味饮品100ml_20瓶
5,达多多_商品总体销量历史_7袋零食大礼包网红手工小麻花锅巴拉面丸子一整箱便宜批发方便
6,达多多_商品总体销量历史_8.8抢1斤【爆款福利】 酸砂爆浆涂油水果味橡皮糖混搭软糖解馋零食
7,达多多_商品总体销量历史_Budweiser_百威红罐255ml_24罐商城热卖醇香发酵啤酒甄选
8,达多多_商品总体销量历史_Chen A Bing_陈阿炳风干鸭锁骨鸭架解馋小零食即食休闲办公室小吃
9,达多多_商品总体销量历史_HIDOLLY_百多利315ml_8瓶清爽老冰棍汽水饮料冰爽儿时味道解暑-T
10,达多多_商品总体销量历史_KISS PEARL无糖薄荷压片糖清新口气清爽香甜美味14g_5盒 XY
11,达多多_商品总体销量历史_SYS_薯芋薯闽南网红童年儿时三明治面包怀旧夹心吐司早餐面包老式
12,达多多_商品总体销量历史_[5.99发30包] 魔芋爽素毛肚香辣酸辣休闲小吃辣条网红零食非豆干
13,达多多_商品总体销量历史_[9块9约26袋]刺猬阿甘 坚果蛋糕干3种口味腰果巴旦木椰片薄脆饼干
14,达多多_商品总体销量历史_{买5包送2包}韩式火鸡面拌面爆辣夜宵泡面秘制速食营养方便面_7包
15,达多多_商品总体销量历史_※50个仅需3.99！巧遇心蒟蒻果冻低卡0脂肪果汁添加实惠装儿童零食
16,达多多_商品总体销量历史_【0卡0蔗糖蒟蒻果冻】盐津铺子蒟蒻果冻果汁0脂0色素零食可吸果冻
17,达多多_商品总体销量历史_【0脂肪 0蔗糖添加】不集日式关东煮调味料寿喜火锅底料便利店同款
18,达多多_商品总体销量历史_【0蔗糖添加】不集轻食蔬菜沙拉酱水果芝麻酱奇亚籽沙拉汁250g_瓶
19,达多多_商品总体销量历史_【110包19.9元】盐津铺子手撕肉脯靖江高蛋白肉干休闲小零食网红
20,达多多_商品总体销量历史_【12包24片_仅6.9】红豆吐司美味精选早餐整箱代餐下午茶办公室零食
21,达多多_商品总体销量历史_【12包】盐焗巴旦木仁NP级杏仁坚果零食每日坚果大颗粒饱满酥脆营养
22,达多多_商品总体销量历史_【13.9_五斤一袋】东北玉米面条鲜面条低脂粗粮半干鲜面面条低脂肪
23,达多多_商品总体销量历史_【15个到手19.9】比比赞牛乳千层魔方吐司手撕面包营养健康早餐SW
24,达多多_商品总体销量历史_【18个仅19.9】比比赞水牛乳千层吐司面包手撕早餐糕点心零食小吃SW
25,达多多_商品总体销量历史_【19.8_28根】乳清威化蛋白棒美食美味代餐营养零食品高纤饱腹威化
26,达多多_商品总体销量历史_【19.9_50包】盐津铺子大魔王麻酱素毛肚六必居魔芋丝魔芋爽零食
27,达多多_商品总体销量历史_【19.9元15根】亲零嘴风干烤脖氮气解馋香辣味酱卤零食新鲜卤香
28,达多多_商品总体销量历史_【19.9到手63根】三只松鼠口袋海鲜_鳕鱼肠小吃零食即食食品dy
29,达多多_商品总体销量历史_【19.9到手80根】三只松鼠牛乳沙琪玛700g奶香早餐糕点小吃零食dy
30,达多多_商品总体销量历史_【19.9到手一大袋内含76小袋】三只松鼠_辣卤礼包荤素搭配混合装dy
31,达多多_商品总体销量历史_【19.9约100粒】三只松鼠_量贩袋装_西梅_508g零食健康dy
32,达多多_商品总体销量历史_【1包50g装】云南七彩菌汤包羊肚菌鹿茸菇虫草花菌菇汤包炖鸡鸭煲汤
33,达多多_商品总体销量历史_【20包_40粒】金磨坊拇指肠台式烤肠即食小香肠火腿肠肉枣零食散装
34,达多多_商品总体销量历史_【20包仅8.9包邮】鲜嫩盐焗翅鸭翅中入味卤味即食零食 支持试吃一包
35,达多多_商品总体销量历史_【24k年味】手工花生麻枣蓼花糖麻粩雪枣年货非遗小吃零食糕点250g
36,达多多_商品总体销量历史_【24小时内发】泓一奇亚籽黑麦全麦吐司切片面包整箱代餐零食糕点S
37,达多多_商品总体销量历史_【25支】双汇火腿肠烧烤肠解馋零食火腿肠油炸香肠蒸煮肉香淀粉肠
38,达多多_商品总体销量历史_【26.9抢10斤】东北香稻贡米新大米5kg优质黑土地香甜软糯真空锁鲜
39,达多多_商品总体销量历史_【2包_9.9元】长沙香辣魔芋干100g麻辣魔芋爽劲道解馋开袋即食零食
40,达多多_商品总体销量历史_【2瓶7.99元】烧椒酱炭烤辣椒酱拌面条夹馍皮蛋青椒酱剁椒酱下饭菜
41,达多多_商品总体销量历史_【3.99_130颗】网红水果味无糖薄荷糖散装混合口味清新口气唐糖色变
42,达多多_商品总体销量历史_【3.99发15包】辣白菜味辣条大礼包8090儿时怀旧麻辣零食小吃一整箱
43,达多多_商品总体销量历史_【3.9元20袋】老味发面王酵母粉高活性发面宝多用型馒头包子酵母粉
44,达多多_商品总体销量历史_【30个9.99】山药硬脆沙琪玛老式琪玛酥米花糖儿时芝麻特产糕点零食
45,达多多_商品总体销量历史_【30包9.9】盐津铺子手撕素肉素牛排网红零食休闲食品香辣小零食9g
46,达多多_商品总体销量历史_【30包仅5.9】香睿熊巴旦木瓜子仁酥葵花籽瓜子酥混合坚果美味零食
47,达多多_商品总体销量历史_【30包仅需3.9】紫薯干水晶紫薯仔地瓜干解馋休闲办公室小吃零食
48,达多多_商品总体销量历史_【30颗仅9.9元】盐津铺子鹌鹑蛋盐焗卤蛋香卤即食休闲解馋零食好吃
49,达多多_商品总体销量历史_【3包到手5.9】盐津陈皮酸甜陈皮丝橘皮即食果脯蜜饯零食
50,达多多_商品总体销量历史_【3袋仅9.9元】泰式风味汁网红柠檬鸡爪酸辣凤爪调料100g多种入味
51,达多多_商品总体销量历史_【4.9发3袋】网红蜜汁香辣鳕鱼皮办公室解馋鱼干即食小吃零食鱼皮
52,达多多_商品总体销量历史_【4.9抢一箱】礼盒装岩烧芝士饼干休闲酥脆薄脆浓郁零食好吃风味
53,达多多_商品总体销量历史_【400g】农家带皮红薯干小香薯干软糯代餐粗粮7-12根左右
54,达多多_商品总体销量历史_【40片9.9】奇亚籽全麦面包吐司早餐整箱低脂零食小吃休闲食品饱腹
55,达多多_商品总体销量历史_【4盒装】西小豆椰香不辣咖喱块80g_盒 泰式风味 全家爱吃 方便美味
56,达多多_商品总体销量历史_【4罐装】新花金丝皇菊菊花茶新花花草茶罐装6669
57,达多多_商品总体销量历史_【5.99元_20包】喜盈盈鲜虾片 好吃的追剧六一零食推荐网红整箱ad1 
58,达多多_商品总体销量历史_【50根仅19.9】盐津铺子脆骨小香肠肉枣脆皮肠火腿肠鸡肉肠休闲零食
59,达多多_商品总体销量历史_【5L大桶】添加橄榄油食用油5升植物调和油家庭营养清香煎炸炒菜油
60,达多多_商品总体销量历史_【6.99到手2瓶】麦宝乐牛肉酱下饭香辣蘸酱拌饭酱调味酱地道美味
61,达多多_商品总体销量历史_【618抢先购】五谷磨房营养方便健康核桃芝麻黑豆粉（546g_罐）ZB
62,达多多_商品总体销量历史_【618抢先购】陈薯纯红薯粉黑金版酸辣粉126.5g_6桶代餐饱腹香辣
63,达多多_商品总体销量历史_【63颗19.9元】三只松鼠_多味鹌鹑蛋盐焗卤味开袋即食独立包装dy
64,达多多_商品总体销量历史_【64颗19.9元】三只松鼠_多味鹌鹑蛋盐焗卤味开袋即食独立包装dy
65,达多多_商品总体销量历史_【64颗鹌鹑蛋】4种口味盐津铺子盐焗卤蛋香卤即食休闲解馋网红零食
66,达多多_商品总体销量历史_【70包仅19.9】盐津铺子一半是肉辣卤零食大礼包追剧零食组合
67,达多多_商品总体销量历史_【70包仅19.9】盐津铺子魔芋丝魔芋爽香辣好吃脆爽休闲解馋零食
68,达多多_商品总体销量历史_【70根仅19.9】盐津铺子深海鳕鱼肠六一儿童节营养休闲零食8g_70根
69,达多多_商品总体销量历史_【8.8元6杯】花蜜家便携杯装藕粉羹营养早餐冲泡代餐饱腹速溶饮料HM
70,达多多_商品总体销量历史_【80克_10个】酥上煌蛋月烧蛋糕月饼晋式传统烘烤糕点面包即食早餐
71,达多多_商品总体销量历史_【84颗】五香鹌鹑蛋香辣鹌鹑蛋网红爆款宿舍零食卤蛋无壳休闲熟食
72,达多多_商品总体销量历史_【8桶装】小鸡炖蘑菇面方便面浓香四溢Q弹爽口泡面免煮速食冲泡桶装
73,达多多_商品总体销量历史_【8袋9.9】花椒锅巴椒香麻辣香酥零食解馋办公室休闲手工食品好吃的
74,达多多_商品总体销量历史_【9.99元2袋】锁鲜鸭翅100g（每袋6-8根）香辣卤味翅中翅尖肉类年货
75,达多多_商品总体销量历史_【9.9_2大包】鸡肉干切条鸡胸肉代餐原切鸡肉条零食解馋
76,达多多_商品总体销量历史_【9.9元20包】思乡山臭干子辣条童年味道8090后辣条网红休闲小零食
77,达多多_商品总体销量历史_【9.9元30包】轻咔熊8种轻零食大礼包休闲零食追剧小零食（6.6到期）
78,达多多_商品总体销量历史_【9.9元_2盒_20枚】当日现做现发绿豆饼传统手工糕点短保软糯口味
79,达多多_商品总体销量历史_【9.9元_袋】翠香猕猴桃干优选鲜果大片厚切富含高维C营养零食果干
80,达多多_商品总体销量历史_【9.9元到手52包】云南农科院黑咖啡美式0脂冷热双泡3秒速溶醇厚
81,达多多_商品总体销量历史_【9.9到手12包】果子开荟甄选椰奶益生菌营养奶香燕麦片冲泡轻便装
82,达多多_商品总体销量历史_【9.9到手40包】三只松鼠_定制款0卡蒟蒻果冻_混合味_480g量贩装dy
83,达多多_商品总体销量历史_【一号果仓】新鲜黄桃罐头混合水果510克_四瓶一箱水果罐头即食罐头
84,达多多_商品总体销量历史_【一纸花约】蜜桃乌龙茶白桃包花果袋泡茶叶组合水果茶小包装冷泡茶
85,达多多_商品总体销量历史_【不加糖420g】新鲜季节红薯干真空独立带皮香薯地瓜干软糯香甜
86,达多多_商品总体销量历史_【不辣版】佳仙锅主酱香香锅调料 麻辣香锅干锅炒菜小炒酱川味底料
87,达多多_商品总体销量历史_【专享】钵钵鸡 调料包串串香家用正宗底料包四川特色麻辣鲜香美味
88,达多多_商品总体销量历史_【临期特卖】连咖啡14杯每日鲜萃黑咖啡生酪芝士_榛果_蜜桃乌龙风味
89,达多多_商品总体销量历史_【主播推荐】正宗地道重庆小面非油炸面饼香辣风味冲泡即食桶装
90,达多多_商品总体销量历史_【乌江】脆口榨菜萝卜组合 开味下饭菜鲜脆爽口
91,达多多_商品总体销量历史_【买2送1】甄磨坊黑芝麻丸红枣核桃芝麻丸健康选择老少皆宜营养含量
92,达多多_商品总体销量历史_【买3送2】坚果薏米芡实茯苓八珍糕手工制作不加蔗糖健康美味八珍糕
93,达多多_商品总体销量历史_【买一送一】正宗芒果汁360ml_12瓶果汁饮料批发清仓特价便携装
94,达多多_商品总体销量历史_【买八赠二】诸老大21天短保手工酱香黑猪双蛋黄黑猪肉粽嘉兴
95,达多多_商品总体销量历史_【健力宝】运动电解质碳酸饮料小胶瓶300ML_12畅饮解渴商城专属s
96,达多多_商品总体销量历史_【傻太婆】双色亚麻籽三色藜麦粗粮馍片椒盐_香辣 1斤_2斤解馋营养
97,达多多_商品总体销量历史_【全新升级！112包】三只松鼠_原味肉脯靖江特产肉干小吃休闲零食dy
98,达多多_商品总体销量历史_【六一礼物】手撕风干鸭脖回味一梦零食大礼包一整箱超大送男女朋友
99,达多多_商品总体销量历史_【出口品质】不集欧芹大蒜盐调味料增香轻食水煮菜西餐牛排蒜盐粉
100,达多多_商品总体销量历史_【到手20袋】君乐宝简醇0添加蔗糖生牛乳发酵营养风味酸奶100g_20
101,达多多_商品总体销量历史_【到手2盒】0添加蔗糖冰皮绿豆饼红豆饼新鲜绿豆糕传统老式美味糕点
102,达多多_商品总体销量历史_【到手5袋】小熊驾到意面番茄肉酱意大利面215g速食方便简单美味
103,达多多_商品总体销量历史_【厂家直销】正宗枇杷炖梨360ml_6_24瓶雪梨清润果味饮料四季常备
104,达多多_商品总体销量历史_【品牌自播】爽脆黄豆芽丽星豆芽酸辣粉150g大克重冲泡美味嗦粉微辣
105,达多多_商品总体销量历史_【品牌自播】豫道黑金版酸辣粉 135g_6桶装纯红薯粉方便速食6包料
106,达多多_商品总体销量历史_【夏日热练】暴肌独角兽0脂美式运动黑咖啡3秒速溶香醇厚冷热双泡
107,达多多_商品总体销量历史_【多口味组合】吴越斋嘉兴味道肉粽咸蛋黄鲜肉早餐大肉粽子
108,达多多_商品总体销量历史_【多送20包，到手40包】天合香颗粒装五香卤料包炖肉调料包5g_40包
109,达多多_商品总体销量历史_【大厨调制】海天酸辣凉拌汁 家常美食调味汁凉拌点蘸 凉菜口感丰富
110,达多多_商品总体销量历史_【好想你】新疆红枣500g_袋_2                                   
111,达多多_商品总体销量历史_【官方】味滋源雪媚娘蛋黄酥12枚营养糕点红豆香酥解馋办公室零食
112,达多多_商品总体销量历史_【官方旗舰店】林家铺子黄花鱼罐头110g_10罐下饭即食美味
113,达多多_商品总体销量历史_【实发50包买30包+送20包】Q弹手磨嫩豆干五香味办公休闲即食小零食
114,达多多_商品总体销量历史_【工厂直发】酸奶麻花豆沙榴莲夹心早餐8根100克_根（包含一根试吃）
115,达多多_商品总体销量历史_【已售500w袋】非油炸拌面条10袋装懒人食品寝室速食早餐方便即食
116,达多多_商品总体销量历史_【带箱2斤】香脆红薯片地瓜片美味香甜解馋休闲美味零食 含箱重量 
117,达多多_商品总体销量历史_【抢！9.9元8包】天合香烧烤料孜然粉调料烤肉蘸料撒料五香香辣味
118,达多多_商品总体销量历史_【抢！到手100包】酥脆小麻花网红休闲食品解馋小零食办公室宿舍小吃
119,达多多_商品总体销量历史_【拉面范旗舰店】寻味中华0油炸地方特色刀削面袋装-LC
120,达多多_商品总体销量历史_【拍2件减10元】柏慧膳食肉卷80g_8袋即食营养豆皮肉卷鸡肉零食
121,达多多_商品总体销量历史_【拍2箱立减23元】怪力食厂黑松露火腿苏打饼干零反式脂肪解馋酥脆
122,达多多_商品总体销量历史_【拍2箱立减26元】卡尔顿蛋皮吐司肉松沙拉夹心咸甜面包早餐零食品
123,达多多_商品总体销量历史_【拍一发二】王中王食用火腿肠组合30g_16支即食肠美味营养优级甄选
124,达多多_商品总体销量历史_【拍两份发80包】豆乳威化饼干酥脆芝士味休闲点心网红小零食30包
125,达多多_商品总体销量历史_【整箱16支】巧克力脆脆杯饼干脆筒儿童休闲办公小零食
126,达多多_商品总体销量历史_【新人专享】10包好吃岛山药脆片薄片零食办公休闲追剧薯片
127,达多多_商品总体销量历史_【新口味破价】话梅粒酸甜无核梅子肉厚大颗七分酸三分甜青柠口味
128,达多多_商品总体销量历史_【旗舰店】林家铺子混合水果罐头425g_6罐经典黄桃罐头即食罐头新鲜
129,达多多_商品总体销量历史_【无干燥剂】悦百汇芒果干净含量袋装零食休闲嚼劲香甜新鲜原切果脯
130,达多多_商品总体销量历史_【无添加蔗糖】麦思凯巧克力奶盖香浓奥巧慕斯礼盒装散装休闲食品
131,达多多_商品总体销量历史_【正宗猫牙米】23新米长粒香米现磨现发生态梯田米软糯优质孩子爱吃
132,达多多_商品总体销量历史_【活动】漯河开小差老式大辣片休闲零食儿时怀旧豆制品麻辣好吃童年
133,达多多_商品总体销量历史_【澳门葡记小金盒手信】黄油小花曲奇饼干蝴蝶酥千层酥蛋卷特产零食
134,达多多_商品总体销量历史_【爆品推荐】茶颜悦色干脆面包丁咸甜酥脆休闲小零食海盐焦糖味20袋
135,达多多_商品总体销量历史_【爆款冲量】华得莱厂家直发健康劲道好吃营养刀削面优质地道风味
136,达多多_商品总体销量历史_【爆！15包仅19.9元】荞麦非油炸葱油拌面旅行粗粮细作好吃有营养
137,达多多_商品总体销量历史_【爆！15包仅需19.9】非油炸添加葱油荞麦泡面全麦营养干吃原味方便
138,达多多_商品总体销量历史_【爆！3袋19.9元】云南富硒茶树菇原汁原味纯干货高钙高蛋白 30g_袋
139,达多多_商品总体销量历史_【特惠50包】劲辣小鱼仔湖南特产鱼干毛毛鱼海味麻辣零食品20包好吃
140,达多多_商品总体销量历史_【现做现发】泓一千层手撕面包整箱早晚代餐厚切吐司糕点休闲零食品
141,达多多_商品总体销量历史_【白象】网红甜辣火鸡面_小龙虾拌面泡面10袋速食方便面泡面ZB
142,达多多_商品总体销量历史_【白象】重庆风味酸辣粉115g_6桶
143,达多多_商品总体销量历史_【白象】香菜面方便面五合一醇香爆香口味美味鲜香10袋zb
144,达多多_商品总体销量历史_【直播专属】风干鸡胸肉干条0低减代餐卡脂网红即食夜宵解馋小零食
145,达多多_商品总体销量历史_【知仙味全】椒盐粉复合调味料300g油炸撒粉家用瓶装
146,达多多_商品总体销量历史_【种地吧】豪士藜麦吐司面包零食0蔗糖早餐充饥面包代餐食品整箱
147,达多多_商品总体销量历史_【空炸搭子酱】李锦记蜜汁叉烧调味料100g袋装广式风味叉烧酱家用
148,达多多_商品总体销量历史_【笨笨狗粗粮米果】非油炸蛋黄海苔味营养美味开袋即食零食健康甄选
149,达多多_商品总体销量历史_【糯叽叽 绵密爆浆】麦乐森榴莲泡芙雪媚娘12枚_箱 夹心独立包装
150,达多多_商品总体销量历史_【肌肉小王子】即食鸡胸肉低脂高蛋白质Q小胸奥尔良香辣黑椒混合
151,达多多_商品总体销量历史_【自带料包】轻师傅低脂免煮非油炸美味饱腹全麦添加营养口味方便面
152,达多多_商品总体销量历史_【臭干子】3.99元48块 鑫鼎记校园怀旧零食麻辣面筋辣条童年
153,达多多_商品总体销量历史_【草原汇香】酱牛肉150g_5袋草原酱牛肉正宗卤牛肉内蒙特产开袋食用
154,达多多_商品总体销量历史_【蜀中桃子姐】钵钵鸡调味料320g_3袋赠火锅底料50g+迷你湿巾_4包
155,达多多_商品总体销量历史_【表面榴芒 内芯柔软】麦乐森榴芒奶盖沙琪玛16枚_箱  松软美味早餐
156,达多多_商品总体销量历史_【触底618】念耳本草银耳古田高山营养膳食免洗免煮免泡发早餐滋养
157,达多多_商品总体销量历史_【超一斤】良品铺子加州西梅干508g膳食纤维休闲爆款大颗BDT
158,达多多_商品总体销量历史_【超值全家桶】茶口乐茶叶含片无糖草本清口润喉口气清新27克_9瓶装
159,达多多_商品总体销量历史_【超值购】依能天然苏打水弱碱性苏打水清凉饮用清爽顺滑400ml_15瓶
160,达多多_商品总体销量历史_【超值购】依能锌强化弱碱性苏打水饮料清凉无糖0卡0脂500ml_12瓶装
161,达多多_商品总体销量历史_【超厚切】玩铁猩猩厚切西梅吐司巧克力牛乳松软饱腹全麦面包早餐
162,达多多_商品总体销量历史_【软糯香甜】带皮倒蒸香薯干  不外加糖红薯干地瓜干番薯150g_400g
163,达多多_商品总体销量历史_【达人专享】脆升升香脆薯条小包装休闲健康零食追剧小食品20g_20包
164,达多多_商品总体销量历史_【达人专享价】耶气满满100%椰子水185g_10袋电解质水鲜椰青水孕妇
165,达多多_商品总体销量历史_【达人专属】自制生椰拿铁早餐搭配便携小包装清爽椰香冷榨醇厚丝滑
166,达多多_商品总体销量历史_【进店必打卡】镇店之宝非遗手工红糖麻花肉松麻花咸香酥脆糕点
167,达多多_商品总体销量历史_【配料只有大豆】九阳豆浆黑豆黄豆浆粉高蛋白香浓原味孕妇营养早餐
168,达多多_商品总体销量历史_【顺丰包邮】林源春100%白桦树原汁长白山白桦树汁300ml_9瓶
169,达多多_商品总体销量历史_【顺丰配送】真零酸奶1KG 桶装发酵酸奶零添加蔗糖代糖0乳糖控卡D
170,达多多_商品总体销量历史_【食乐康】草原精选酱牛肉150g_5袋五香老汤卤制简化配料高蛋白端午
171,达多多_商品总体销量历史_【高蛋白】不集脆皮肉粒肠玉米鸡肉肠肉枣肠休闲零食解馋开袋即食
172,达多多_商品总体销量历史_【鲨鱼菲特】0脂黑咖啡冷热双泡云南小粒咖啡代餐0脂肪醇香美式TZ
173,达多多_商品总体销量历史_【麻六记 手磨豆干】解馋蛋白麻辣_五香爽滑美味豆香浓郁入味爽口
174,达多多_商品总体销量历史_【麻六记 经典酸辣粉】四川正宗粗湿粉酱包原味鲜香特色调味冲泡
175,达多多_商品总体销量历史_【麻辣王子】正宗麻辣辣条416g袋装+2小包试吃（19.8元_28小包）
176,达多多_商品总体销量历史_一根筋麻辣香辣牛筋儿时怀旧辣条素牛筋解馋网红零食一根筋很长
177,达多多_商品总体销量历史_一米辣条 【3.99元8包】 600cm经典香油条香辣网红童年休闲校园美食
178,达多多_商品总体销量历史_三只松鼠【每日坚果_量贩罐装】健康混合干果孕妇休闲零食dy
179,达多多_商品总体销量历史_三太子蟹黄香酥干脆面蟹皇面夜宵看剧解馋办公室酥脆小零食干吃面
180,达多多_商品总体销量历史_三湘世家大长筋辣条香辣魔鬼辣网红爆款校园零食小时候的味道
181,达多多_商品总体销量历史_上行斋 和风生巧大福 17枚网红香浓巧克力福团糯米糍脏脏团雪媚娘
182,达多多_商品总体销量历史_中权【东北五常七色糙米·农科院配比·新米】五谷杂粮健康主食5斤起
183,达多多_商品总体销量历史_丽星好嗨呦红薯酸辣粉117g_3桶大学生夜宵美食免煮冲泡经典酸辣粉
184,达多多_商品总体销量历史_久大千米深井盐自贡井盐家庭食用精制食盐自然加碘未加碘320G_8袋
185,达多多_商品总体销量历史_乐事薯片无限组合包多口味104g×3罐原味酥脆聚会美味解馋小零食
186,达多多_商品总体销量历史_云南西双版纳香糯小玉米甜糯真空包装即食玉米棒迷你新鲜糯粘玉米
187,达多多_商品总体销量历史_五谷自由魔芋面305g_4袋添加酸辣口味美味速食代餐饱腹健身食用
188,达多多_商品总体销量历史_五黑紫米麻薯面包球 健康糕点 代餐饱腹 满口麦香 营养早餐
189,达多多_商品总体销量历史_低卡博士小花袄1.0 挺好吃的优选鲜椒牛肉酱低卡0脂肪拌饭下饭
190,达多多_商品总体销量历史_佳仙锅主焖饭酱汁50g 家用煲仔饭懒人焖饭蒸米饭酱香浓郁焖饭酱汁
191,达多多_商品总体销量历史_俄罗斯风味原味提拉米苏蜂蜜蛋糕早茶下午茶美味好吃早餐免费试吃
192,达多多_商品总体销量历史_倒蒸红薯干 三蒸三晒软糯香甜 代餐零食番薯干倒蒸地瓜干500g_袋
193,达多多_商品总体销量历史_光合力量0脂肪全麦面包无蔗糖减低脂早餐代餐吐司整箱1kg
194,达多多_商品总体销量历史_六一儿童节8.8元20包薯片零食大礼包混装套装夜宵充饥零食360g
195,达多多_商品总体销量历史_兽小饱 小青柠汁饮料整箱批发饮料厂家檬果汁饮品小青柠汁饮料
196,达多多_商品总体销量历史_冠欣原味瓜子363大颗粒正宗薄皮厂家直销休闲葵花籽瓜子方便香脆
197,达多多_商品总体销量历史_冷卡 荞麦方便面0脂肪免煮非油炸拌泡面代餐主食粗粮面条整箱饱腹
198,达多多_商品总体销量历史_切糕正宗切糕营养坚果 传统糕点 手工八宝切糕零食真材实料
199,达多多_商品总体销量历史_初吉乳清蛋白棒威化棒高蛋白运动饱腹健身健康夹心饼干360g_2
200,达多多_商品总体销量历史_刺猬阿甘花椒锅巴粗粮解馋零食15包麻辣酥脆追剧米香休闲零食整箱
201,达多多_商品总体销量历史_十月稻田黄糯玉米棒玉米粒香甜糯东北黏苞米好吃可拉丝铝膜真空装
202,达多多_商品总体销量历史_十月稻田黄糯玉米棒白糯甜糯香糯东北热乎黏苞米食用早餐真空装
203,达多多_商品总体销量历史_卤料包家庭卤小包装猪头红烧肉五香炖排骨调料包
204,达多多_商品总体销量历史_卤良将香辣味鸭肠麻辣鲜香脆嫩新鲜食材解馋零食开袋即食微辣95g
205,达多多_商品总体销量历史_卧龙锅巴花椒锅巴 纯大米手工厚锅巴麻辣解馋网红零食
206,达多多_商品总体销量历史_吉香居榨菜真芯即食减盐下饭鲜嫩爽口脆嫩鲜香脆口榨菜芯低脂肪
207,达多多_商品总体销量历史_吴越斋嘉兴粽子端午250g_10只全家福大肉粽_双蛋黄肉粽_早餐速食
208,达多多_商品总体销量历史_味出道粗粮吐司全麦面包代餐1000g整箱 营养早餐健身饱腹代餐食品
209,达多多_商品总体销量历史_咕咕哆黑芝麻饼干老式好吃薄脆营养早餐零食网红批发独立包装传统
210,达多多_商品总体销量历史_嗨吃家 龙年荞麦面75g_12袋魔芋代餐面泡面非油炸上班族速食早餐
211,达多多_商品总体销量历史_嗨吃家龙年miumiu面麻辣浓鲜香碳水小杯面点心泡面早餐速食LL001
212,达多多_商品总体销量历史_备得福_ 15包榨菜芯 脆嫩下饭菜咸菜酱菜即食开味小菜休闲美食30g
213,达多多_商品总体销量历史_多禧熊薄脆饼干清晰椰香味醇香巧克力味酥香美味清凉价解馋小零食
214,达多多_商品总体销量历史_天旭苦荞茶营养荞麦茶浓郁甘甜品质大麦茶密封干燥罐装净含量产品
215,达多多_商品总体销量历史_奇亚籽酸奶果粒燕麦片营养饱腹可做酸奶杯燕麦片杯搭配牛奶酸奶
216,达多多_商品总体销量历史_妙壳新疆美人甲茶盐味南瓜子长粒特大饱满炒货追剧年货小零食
217,达多多_商品总体销量历史_姜小美 推荐陈皮甘草正宗客家姜糖古法工艺制作180g_袋多组合可选
218,达多多_商品总体销量历史_守味者传统手工植物甜酒曲优质醪糟家用酵母月子酒酿土曲醇香制作
219,达多多_商品总体销量历史_宏途 仙虾片178g大礼包零食推荐 休闲追剧解馋小吃 酥脆 夏日六一
220,达多多_商品总体销量历史_官方补贴香脆原薯实心薯条网红饼干零食囤货20g_25包【自播专享】
221,达多多_商品总体销量历史_小嘻吖碎碎鸭湖南特产手撕酱板鸭辣卤熟食开袋即食小吃肉类零食
222,达多多_商品总体销量历史_小浣熊经典粉包干脆面方便面休闲零食8090后童年口味干吃面整箱装
223,达多多_商品总体销量历史_小野轻煮天妇罗粉懒人调料100g_袋日式炸虾裹粉家庭小袋调料包
224,达多多_商品总体销量历史_小饿，小满足烘焙牛乳千层吐司加热可翻页新鲜软糯营养早餐代餐
225,达多多_商品总体销量历史_尝布0蔗糖0脂肪黑咖啡 正宗国货速溶黑咖啡香醇美式80g_4送竹节杯
226,达多多_商品总体销量历史_屋头高山脆萝卜干榨菜麻辣下饭菜传统外婆酱菜甜辣萝卜丁泡菜CQQ
227,达多多_商品总体销量历史_山西古法纯粮酿造手工发酵老陈醋口感䰆礉醇厚陈醋800ML拍一发三
228,达多多_商品总体销量历史_山西特产纯碱烤馍健康小花卷非油炸碱水馍早餐零食酥脆烤馒头馍丁
229,达多多_商品总体销量历史_左烘右焙金丝椰香千层卷面包早餐充饥零食蛋糕手撕网红品代餐新鲜
230,达多多_商品总体销量历史_张导演猫山王榴莲千层生日蛋糕安佳动物奶油榴莲千层2盒赠1盒抹茶
231,达多多_商品总体销量历史_怀禹坊【9.9元到手3斤】铁棍山药龙须面 挂面粗粮杂粮筋道爽滑面条
232,达多多_商品总体销量历史_思乡山【传统工艺】湖南特产4大包平江酱干豆干零食香辣小吃香干 
233,达多多_商品总体销量历史_思乡山臭干子辣条童年味道儿时经典怀旧网红麻辣休闲零食20g_包
234,达多多_商品总体销量历史_恰巴塔面包全麦欧包代餐早餐原味手工口味低脂软欧包手工制作零食
235,达多多_商品总体销量历史_惠丰优牧嚼酸奶果粒燕麦酸奶170g_10袋装常温风味发酵乳早餐奶
236,达多多_商品总体销量历史_散装脆饼腰果芙巴旦木芙椰香薄脆饼干酪蛋糕充饥零食营养老少皆宜
237,达多多_商品总体销量历史_新疆大枣大个头肉厚核小和田红枣肉多核小很好吃
238,达多多_商品总体销量历史_新鲜柔软椰蓉面包清香优质营养优选早餐下午茶一个管饱糕点
239,达多多_商品总体销量历史_旺丰非遗 零添加 酱香红油豆瓣酱经典川味炒菜烹饪调味酱郫县豆瓣
240,达多多_商品总体销量历史_旺家福老卤鸭爪独立包装鸭掌卤味休闲追剧解馋鸭脚下酒小零食
241,达多多_商品总体销量历史_昊七七冷面东北正宗小麦冷面酸甜凉面韩式风味延吉拌冷面方便速食
242,达多多_商品总体销量历史_昊七七烤冷面家庭装正宗烤冷面片皮面饼早餐速食小吃送专用酱家用
243,达多多_商品总体销量历史_春旺袋装花生坚果零食香脆咸味盐焗花生米山东特产下酒菜2斤装
244,达多多_商品总体销量历史_暴肌独角兽 0脂黑咖啡 美式咖啡3秒速溶口感醇厚冷热双泡媲美现磨
245,达多多_商品总体销量历史_朋派盐味烘烤黑豆高蛋白香酥脆休闲解馋零食獨立包裝即食黑豆
246,达多多_商品总体销量历史_李海龙麻辣烫速食包 3包5包 每包437克 东北麻辣烫方便简单常温
247,达多多_商品总体销量历史_杨先生红糖麻花370g肉松麻花330g非遗手工传统糕点休闲咸香酥脆
248,达多多_商品总体销量历史_松鲜鲜松茸鲜调味料100g+试吃35g零添加剂家用炒菜煲汤提鲜调料
249,达多多_商品总体销量历史_森庄农品【5袋仅9.9】泰国西米100g包奶茶店专用材料甜品烘焙原料
250,达多多_商品总体销量历史_椰汁【0糖生椰添加胶原蛋白肽】0反式脂肪酸椰乳椰奶整箱装无菌
251,达多多_商品总体销量历史_榆小七四川麻辣萝卜干 袋装500克香辣爽脆下饭开胃农家特产脆萝卜
252,达多多_商品总体销量历史_槐兰香优质果酒酵母葡萄桔子火龙果家庭自制冰镇水果酒专用酵母
253,达多多_商品总体销量历史_正宗5斤东北大碴粥大碴子粥黑土地玉米碴五谷杂粮营养健康粗粮
254,达多多_商品总体销量历史_比比赞黑麦海盐苏打饼干整箱饱腹代餐梳打小零食小吃休闲食品SW
255,达多多_商品总体销量历史_汉小二贵州特产木姜子味手工炒制糊辣椒面香辣下饭开袋即食烧烤料
256,达多多_商品总体销量历史_泓一千层软撕面包大波浪南瓜吐司蛋糕早餐整箱组合松软解馋充饥Z
257,达多多_商品总体销量历史_泰城谷匠 猴头菇牛奶燕麦片代餐冲泡即食500g_罐
258,达多多_商品总体销量历史_泰山娃薄脆小饼干早餐休闲零食糕点酥脆椰奶巧克力味美味甄选解馋
259,达多多_商品总体销量历史_活力洽坚果脆芙【腰果_巴旦木】甄选大颗坚果蛋香浓郁即食酥脆饼干
260,达多多_商品总体销量历史_浣小兜免煮七色纯粗粮杂粮饭 熟的开袋即食糙米饭免加工轻食代餐
261,达多多_商品总体销量历史_浪浪虾片双口味脆虾片鲜虾片薯片虾条休闲追剧小零食
262,达多多_商品总体销量历史_海天上等蚝油590g挤挤装海鲜蚝汁提鲜增味点蘸拌馅炒菜烹饪调味料
263,达多多_商品总体销量历史_湖南特产平江经典 手撕大辣片 80后儿时零食125g香辣小吃传统风味
264,达多多_商品总体销量历史_湖南素板筋素牛筋经典嚼劲辣条香辣调味面制品童年零食美味精选
265,达多多_商品总体销量历史_潘阿姨去皮鸡腿高蛋白饱腹轻速食鸡胸肉即食健身代餐熟食解馋零食
266,达多多_商品总体销量历史_潮汕集锦卤汁老卤水卤味料包传统卤鹅肉酱牛肉卤料包家庭卤小包装
267,达多多_商品总体销量历史_燃叫【热辣同款】【送冰川杯】_0脂肪黑咖啡冷热双泡速溶2g_40 条  
268,达多多_商品总体销量历史_牛排腌料牛排家常作法牛肉猪肉鸡肉皆可腌制浓郁美食
269,达多多_商品总体销量历史_牧果人一包“梅”好散装混合果干酸甜梅子蜜饯软糯水果干制品1斤装
270,达多多_商品总体销量历史_状元妈麻辣萝卜干高山下饭香辣咸菜即食脆萝卜丁爽口榨菜小菜农家
271,达多多_商品总体销量历史_甄磨坊千层茯苓八珍糕手工制作不加蔗糖营养均衡老少皆宜好吃即食
272,达多多_商品总体销量历史_甄磨坊红枣山药八珍糕手工制作不加蔗糖营养均衡老人代餐
273,达多多_商品总体销量历史_甄磨坊血糯米红豆山药紫米饼传统糕点独立包装软糯皮薄拉丝代餐
274,达多多_商品总体销量历史_甄选自营 _ 东方甄选3.8g乳蛋白沙漠纯牛奶 200ml_15盒_箱 2箱装
275,达多多_商品总体销量历史_甄选自营 _ 东方甄选酱牛肉 2_3_5袋装 即食醇香肉质 200g_袋  
276,达多多_商品总体销量历史_甄选自营｜东方甄选黄糯玉米颗粒饱满 每箱1600g
277,达多多_商品总体销量历史_甜苦瓜迷你款纯奶手工面包新品新鲜美味韧性早餐柔奶香软鲜香包邮
278,达多多_商品总体销量历史_番泻叶独立包装【一次只需要1包到2包】养生茶饮料代用茶
279,达多多_商品总体销量历史_百岁山天然矿泉水348ml_6瓶装水含偏硅酸健康饮用水非纯净水
280,达多多_商品总体销量历史_百菲酪水牛奶纯牛奶整箱牛奶部分牛奶儿童早餐奶200ml高品质营养
281,达多多_商品总体销量历史_盐焗鸡脚筋梅州客家特产鸡脆骨网红爆款办公室即吃零食
282,达多多_商品总体销量历史_石磨纯芝麻油传统瓶装月子油香油麻油拌凉菜火锅油碟浓郁炒菜厨房
283,达多多_商品总体销量历史_碧翠园全麦核桃红枣果仁面包车轮面包切片面包早八人必备速食早餐
284,达多多_商品总体销量历史_碧翠园早餐健身代餐全麦软糯欧包夹心有馅欧包面包饱腹500g_10只
285,达多多_商品总体销量历史_神州沃良东北大米雨姐盘锦蟹田香米10斤真空包装新米加300g试吃装
286,达多多_商品总体销量历史_福鳞湾鱿鱼仔满馅开袋即食鱿鱼海味零食海鲜熟食食品下酒菜墨鱼仔
287,达多多_商品总体销量历史_笋小样全新包装爽口美味袋中袋超大包酸辣新鲜独立清脆即食制作香
288,达多多_商品总体销量历史_纯手工红糖广西甘蔗糖原味古方生姜茶独立包装喝正宗古法黑糖块状
289,达多多_商品总体销量历史_网红零食蜡瓶糖夹心爆浆主播吃同款蜡瓶糖果蜡瓶糖夹心爆浆解压
290,达多多_商品总体销量历史_美味佳【新日期】黄咖喱100g原味香辣正宗泰式速食方便块状咖喱
291,达多多_商品总体销量历史_老式手工麻花8090儿时怀旧零食特产麻花小时候味道串串香168克_包
292,达多多_商品总体销量历史_老式沙琪玛硬脆琪玛酥怀旧零食特产糕点解馋饼干休闲小吃批发整箱
293,达多多_商品总体销量历史_脆升升香脆薯条20g_20包小包装休闲零食小吃休闲食品解馋小零食
294,达多多_商品总体销量历史_臭宝方便速食螺蛳粉爆爆浓汤大片腐竹330g×1袋广西特产螺狮粉
295,达多多_商品总体销量历史_臭宝柳州螺蛳粉爆辣重辣爆汁爆爆浓汤大片腐竹螺蛳粉8袋组合A06
296,达多多_商品总体销量历史_臭宝柳州螺蛳粉酸爽鲜香爆辣大片腐竹酸辣螺蛳粉乐享版组合5袋A03
297,达多多_商品总体销量历史_舌尖行【30枚仅3.99】紫薯仔水晶紫薯仔地瓜干番薯干红薯干紫薯干
298,达多多_商品总体销量历史_舒赞手工厚切牛乳生吐司抹茶手撕面包巧克力蛋糕儿童早餐紫薯零食
299,达多多_商品总体销量历史_良品铺子葡萄干沙琪玛500g×1箱早餐糕点办公室优质新鲜休闲整箱
300,达多多_商品总体销量历史_良品铺子酥脆薄饼300g×1盒零食小吃休闲饼干解馋网红薄脆好吃小包
301,达多多_商品总体销量历史_苏小鲜0蔗糖黑米芡实糕 传统手工制作 软糯香甜 营养代餐 200g
302,达多多_商品总体销量历史_英之素营养米糊健身增肌能量桶装米粉瘦子补充快碳食品即代餐增肥
303,达多多_商品总体销量历史_茶口乐 蜜桃乌龙清润清爽茶萃茶叶含片27g_3瓶_盒便携装无蔗糖
304,达多多_商品总体销量历史_莲花味精100g5袋装家用绿色食品调味料经典煲汤烹饪炒菜鲜味美味
305,达多多_商品总体销量历史_董小姐厚切吐司轻食代餐早餐食品面包整箱糕点手撕充饥解馋小零食
306,达多多_商品总体销量历史_蓝莓岩烧乳酪夹心吐司面包整箱早餐健康零食小吃休闲食品速食蛋糕
307,达多多_商品总体销量历史_虎小将海苔碎拌饭儿童早餐宝宝辅食营养食品小学生婴幼儿零食
308,达多多_商品总体销量历史_裙带菜虾皮汤速食汤懒人速食 汤鲜味美 即冲即食 
309,达多多_商品总体销量历史_襄王妃花椒馍片6大包追剧零食椒香麻辣酥脆解馋小吃办公室零食
310,达多多_商品总体销量历史_西麦新品高钙牛奶燕麦片392g营养学生早餐独立即冲出游速食-TY
311,达多多_商品总体销量历史_认真全麦风吹饼干【0脂肪0蔗糖】五谷杂粮薄脆饼干香酥脆健康无蔗糖
312,达多多_商品总体销量历史_豫吉鱼骨咸味饼干早餐零食饼干零食批发小饼干儿童咸味解馋岩烧
313,达多多_商品总体销量历史_豫道食品香辣重庆小面135g_6桶装麻辣鲜香非油炸冲泡美味方便速食
314,达多多_商品总体销量历史_贝夫无糖水牛奶蛋糕代餐好吃解馋营养质早餐面包点心松软美味零食
315,达多多_商品总体销量历史_贵州特产大方传统手撕豆腐1包邮【粉丝福利 每天200单】
316,达多多_商品总体销量历史_趣享派鸡脚筋广东梅州盐焗鸡脚筋无骨即食零食健康盐焗鸡零食小吃
317,达多多_商品总体销量历史_轻上 【官方正品】轻上西梅多多0添加蔗糖发酵酸奶饮品营养甄选
318,达多多_商品总体销量历史_达利园法式软面包香奶味360g×1袋休闲新鲜奶香香味香甜早餐面包
319,达多多_商品总体销量历史_连之众 330g_8包正宗柳州螺蛳粉香辣柳州即食水煮鲜香好吃夜宵
320,达多多_商品总体销量历史_闪香牛肉筋牛肉干边角料筋头巴脑肥瘦相间网红零食内蒙古特产125G
321,达多多_商品总体销量历史_阿宽 魔芋凉面凉皮冷面6袋装干拌低脂面体代餐开袋即食方便泡面
322,达多多_商品总体销量历史_陕西烤花馍非油炸独立包装休闲零食18_40_60包多省包邮
323,达多多_商品总体销量历史_雨旺【到手8个】95g_包新鲜香松鸡蛋面包香醇营养早餐蛋皮面包整箱
324,达多多_商品总体销量历史_零食儿时亲亲嘴烧经典小辣条吃货解馋麻辣烧小卖部休闲食品小吃
325,达多多_商品总体销量历史_青桔柠檬百香果茶独立包装金桔柠檬百香果冻干水果茶冷泡茶柠檬茶
326,达多多_商品总体销量历史_青桔柠檬百香果茶独立包装金桔柠檬百香果冻干水果茶柠檬味冷泡茶
327,达多多_商品总体销量历史_青桔柠檬百香果茶独立包装金桔柠檬百香果茶水果茶冷柠檬味泡茶包
328,达多多_商品总体销量历史_青橙策  鸡肉干切条鸡胸肉原切高蛋白营养健身优质脂肪零食即食
329,达多多_商品总体销量历史_青花椒油特麻四川麻椒藤椒凉拌菜麻辣烫火锅调料食用油200ml410ml
330,达多多_商品总体销量历史_非转基因农家自榨食用油纯菜籽油5L9.2斤
331,达多多_商品总体销量历史_风干鸡肉干手撕劲道嚼劲零食追剧耐嚼解馋即食高蛋白腌制口感入味
332,达多多_商品总体销量历史_风干鸡胸肉干250g_500g手撕鸡肉干零食耐嚼解馋即食麻辣五香劲道
333,达多多_商品总体销量历史_饿马鸭锁骨高蛋白零食爆款零食休闲零食开袋即食解馋追剧零食115g
334,达多多_商品总体销量历史_馋馋君炭烤鸭翅中【每包8根纯翅中】湖南经典新鲜香辣味即食开袋
335,达多多_商品总体销量历史_馥食集【0脂肪0蔗糖】关东煮调味料寿喜烧火锅底料便利店同款风味
336,达多多_商品总体销量历史_馥食集【19.9元3瓶】附赠食谱0蔗糖轻食好吃经典蔬菜奇亚籽健身美味
337,达多多_商品总体销量历史_馥食集盐焗粉30g家用盐焗专用料客家盐焗调味料商用调味料
338,达多多_商品总体销量历史_馥食集麻辣香锅调料60g_3袋正宗干锅酱火锅底料调味料酱香香锅料
339,达多多_商品总体销量历史_马小养【买二发四】新疆特产奶香黑椰枣 软糯香甜 营养丰富 100g_袋
340,达多多_商品总体销量历史_马小养【红糖姜片】沂蒙特产精选软糯肉厚辛甜爽口美味新鲜泡茶即食
341,达多多_商品总体销量历史_马小眼盐炒黑豆500g高蛋白干炒熟盐孕妇零食杂粮香酥脆下酒小吃
342,达多多_商品总体销量历史_鲜香味美品牌老婆饼软糯香甜美味传统制作老式糕点保质期即食零食
343,达多多_商品总体销量历史_鲨鱼菲特0脂黑咖啡冷热双泡云南咖啡美式小粒醇香蛋白质能量sw
344,达多多_商品总体销量历史_鲨鱼菲特0脂黑咖啡速溶冷热双泡云南咖啡美式小粒醇香蛋白质能量
345,达多多_商品总体销量历史_鸡胸肉即食健身代餐减0低脂开袋速食肥餐卡解馋饱腹轻主食零食品
346,达多多_商品总体销量历史_鹰嘴豆罐装500g熟即食无添加糖油新疆特产杂粮豆浆伴侣零食小吃
347,达多多_商品总体销量历史_麦家欢芋泥紫米面包棒110克独立包装短保8天营养早餐【到手6根】
348,达多多_商品总体销量历史_麦谷村液体沙拉代餐轻液断配料干净益生元果蔬汁sss
349,达多多_商品总体销量历史_麦食度【12个】芋泥牛油果肉松夹心三明治面包早餐代餐糕点零食休闲
350,达多多_商品总体销量历史_黄山烧饼安徽特产梅干菜扣肉酥饼好吃办公室零食酥脆早餐营养美味
351,达多多_商品总体销量历史_黄桃罐头3+1到手4瓶500克新鲜解腻解馋美味黄桃罐头
352,达多多_商品总体销量历史_（大餐救星）碱法原麦全麦碱水面包无蔗糖无油咸味健康低脂饱腹即食
353,达多多_商品总体销量历史_（雪山海盐芝士）奶酪碱水球无蔗糖咸味健康低脂即食抗饿饱腹
354,达多多_商品总体销量历史_（雪山海盐芝士）碱法原麦全麦奶酪碱水球无蔗糖咸味健康低脂
